nuclide,dcf_sv_bq
ac-224,1.1e-07
ac-225,7.4e-06
ac-226,2e-06
ac-227,0.00022
ac-228,2.5e-08
ag-102,1.7e-11
ag-103,2.6e-11
ag-104,3.6e-11
ag-104m,2.5e-11
ag-105,7.3e-10
ag-106,1.5e-11
ag-106m,1.3e-09
ag-108m,7.4e-09
ag-110m,5500000000.0
ag-111,1.5e-09
ag-112,6e-10
ag-115,2.7e-11
al-26,2e-08
am-237,2.5e-11
am-238,1.9e-10
am-239,2.2e-10
am-240,4.3e-10
am-241,9.2e-05
am-242,7e-08
am-242m,9.2e-05
am-243,9.6e-05
am-244,3.7e-09
am-244m,1.6e-10
am-245,5.3e-11
am-246,6.6e-11
am-246m,2.2e-11
as-69,2.1e-11
as-70,6.3e-11
as-71,4e-10
as-73,1e-09
as-74,2.1e-09
as-76,7.4e-10
as-77,3.9e-10
as-78,1.7e-10
at-207,2.3e-09
at-211,1.1e-07
au-193,1.1e-10
au-194,2.3e-10
au-195,1.1e-09
au-198,7.8e-10
au-198m,1.8e-09
au-199,9e-10
au-200,4e-11
au-200m,6.8e-10
au-201,1.7e-11
ba-126,1e-10
ba-128,1.3e-09
ba-131,7.6e-10
ba-131m,7.4e-12
ba-133,3.1e-09
ba-133m,4.2e-10
ba-135m,3.3e-10
ba-139,5.6e-11
ba-140,5.1e-09
ba-141,3.2e-11
ba-142,2.1e-11
be-10,9.6e-09
bi-200,3.3e-11
bi-201,6.6e-11
bi-202,4.3e-11
bi-203,2.6e-10
bi-205,9.3e-10
bi-206,1.7e-09
bi-207,6e-09
bi-210,9.3e-08
bi-210m,3.4e-06
bi-212,3.1e-08
bi-213,3e-08
bi-214,1.4e-08
bk-245,2.1e-09
bk-246,3.3e-10
bk-247,6.9e-05
bk-249,1.6e-07
bk-250,1e-09
br-74,3.98e-11
br-74m,6.2e-11
br-75,5.3e-11
br-76,4.1e-10
br-77,8.4e-11
br-80,5.9e-12
br-80m,7.6e-11
br-82,6.3e-10
br-83,5.9e-11
br-84,3.7e-11
ca-41,1.7e-10
ca-45,2.7e-09
ca-47,1.9e-09
cd-104,3.4e-11
cd-107,8.3e-11
cd-109,8.1e-09
cd-113,1.2e-07
cd-113m,1.1e-07
cd-115,9.8e-10
cd-115m,6.2e-09
cd-117,1.6e-10
cd-117m,2e-10
ce-134,1.5e-09
ce-135,4.8e-10
ce-137,9.8e-12
ce-137m,4.1e-10
ce-139,1.7e-09
ce-141,3.2e-09
ce-143,7.5e-10
ce-144,4e-08
cf-248,8.8e-06
cf-249,7e-05
cf-250,3.4e-05
cf-251,7.1e-05
cf-253,1.3e-06
cf-254,4.1e-05
cm-238,4.5e-09
cm-240,3.2e-06
cm-241,3.7e-08
cm-242,5.2e-06
cm-243,6.5e-05
cm-244,5.7e-05
cm-245,9.9e-05
cm-246,9.8e-05
cm-247,9e-05
cm-248,0.00036
cm-249,4e-11
cm-250,0.0021
co-56,4.8e-09
co-57,5.5e-10
co-58,1.6e-09
co-58m,3e-12
co-60,1e-08
co-60m,1.2e-12
co-61,4.7e-11
co-62m,2e-11
cr-49,3.3e-11
cr-51,3.2e-11
cs-125,2.2e-11
cs-127,3.6e-11
cs-129,7.3e-11
cs-130,1.4e-11
cs-131,4.4e-11
cs-132,2.9e-10
cs-134,9.1e-09
cs-134m,1.4e-11
cs-135,3.1e-09
cs-135m,1.5e-11
cs-136,2.5e-09
cs-137,9.7e-09
cs-138,4.1e-11
cu-60,3.3e-11
cu-61,7.4e-11
cu-64,1.1e-10
cu-67,1.6e-09
dy-155,7.7e-11
dy-157,3e-11
dy-159,3.7e-10
dy-165,6e-11
dy-166,1.9e-09
e-09,7e-09
e-10,3.2e-10
e-11,7e-11
ec-161,4.8e-11
er-165,7.9e-12
er-169,1e-09
er-171,2.2e-10
er-172,1.1e-09
es-250,6.3e-10
es-251,2.1e-09
es-253,2.7e-06
es-254,6e-06
es-254m,4.7e-07
eu-145,5.5e-10
eu-146,8e-10
eu-147,1.1e-09
eu-148,2.6e-09
eu-149,2.9e-10
eu-150,5.3e-08
eu-152,4.2e-08
eu-152m,2.2e-10
eu-154,5.3e-08
eu-155,6.9e-09
eu-156,3.4e-09
eu-157,2.8e-10
eu-158,4.7e-11
f-18,2.8e-11
fe-52,6e-10
fe-55,7.7e-10
fe-59,1.4e-07
fm-252,3.2e-07
fm-253,4e-07
fm-254,6.1e-08
fm-255,2.7e-07
fm-257,7.1e-06
fr-222,1.4e-08
fr-223,9e-10
ga-65,7e-11
ga-66,5.3e-10
ga-67,2.4e-10
ga-68,4.9e-11
ga-70,1.6e-11
ga-72,5.3e-10
ga-73,1.4e-10
gd-145,2.4e-11
gd-146,6.4e-09
gd-147,4e-10
gd-148,2.6e-05
gd-149,8.6e-10
gd-152,1.9e-05
gd-153,2.1e-09
gd-159,2.7e-10
ge-67,2.5e-11
ge-68,1.4e-08
ge-69,3.6e-10
ge-71,1.1e-11
ge-75,3.6e-11
ge-77,3.7e-10
ge-78,9.5e-11
hf-172,3.2e-08
hf-173,1.6e-10
hf-175,1.2e-09
hf-177m,1.2e-07
hf-180m,1.3e-10
hf-181,5e-09
hf-182,3.1e-07
hf-182m,4.6e-11
hf-183,570000000000.0
hf-184,3.3e-10
hg-193,2.6e-11
hg-193m,1.1e-10
hg-194,1.4e-08
hg-195,2.5e-11
hg-195m,1.2e-10
hg-197,5.6e-11
hg-197m,1.1e-10
hg-199m,1.5e-11
hg-203,6.6e-10
ho-155,2e-11
ho-157,4.2e-12
ho-159,6.1e-12
ho-161,6e-12
ho-162,2.8e-12
ho-162m,2.1e-11
ho-164,8.4e-12
ho-164m,1.2e-12
ho-166,6.5e-10
ho-166m,1.2e-07
ho-167,7.1e-11
i-120,1e-10
i-120m,8.7e-11
i-121,2.7e-11
i-123,1.4e-09
i-126,9.8e-09
i-131,7.4e-09
i-132,1e-10
i-132m,8.7e-11
i-133,1.5e-09
i-134,2.4e-10
in-109,4.2e-11
in-110,1.3e-10
in-111,4.1e-10
in-112,7.4e-12
in-113m,2e-11
in-114m,9.3e-09
in-115,9e-07
in-115m,5.9e-11
in-116m,5.6e-11
in-117,7.2e-11
in-119m,1.6e-10
ir-182,2.3e-11
ir-184,1.1e-10
ir-185,1.8e-10
ir-186,4e-10
ir-187,7.4e-11
ir-189,6.4e-10
ir-190,2.1e-09
ir-190m,7.9e-11
ir-192,5.2e-09
ir-192m,4.8e-09
ir-193m,1.1e-09
ir-194,5.2e-10
ir-194m,9e-09
ir-195,9.816e-10
ir-195m,1.6e-10
k-40,2.1e-09
k-42,1.2e-10
k-43,1.4e-10
k-44,2e-11
k-45,1.5e-11
la-131,2.3e-11
la-132,1.6e-10
la-135,1.4e-11
la-137,8.7e-09
la-138,1.5e-07
la-140,1.1e-09
la-141,1.5e-10
la-142,8.9e-11
la-143,2.1e-11
lu-169,3.5e-10
lu-170,6.3e-10
lu-171,8e-10
lu-172,1.4e-09
lu-173,2.2e-09
lu-174,4.2e-09
lu-174m,7e-09
lu-176,7e-08
lu-176m,1.2e-10
lu-177,1.1e-09
lu-177m,1.6e-08
lu-178,2.6e-11
lu-178m,3.3e-11
lu-179,1.2e-10
md-257,2.5e-08
md-258,9e-06
mg-28,1.2e-09
mn-51,2.3e-11
mn-52,1.4e-09
mn-52m,5.4e-11
mn-54,1.5e-09
mn-56,1.5e-10
mo-101,2.5e-11
mo-90,3.4e-10
mo-93,1e-09
mo-93m,1.6e-10
mo-99,8.9e-10
na-22,1.3e-09
na-24,2.7e-10
nb-33m,5.9e-10
nb-88,2.7e-11
nb-89,1.1e-10
nb-90,6.3e-10
nb-94,1.1e-08
nb-95,1.5e-09
nb-95m,7.9e-10
nb-96,6.3e-10
nb-97,4.3e-11
nb-98,5.6e-11
nd-136,5.1e-11
nd-138,2.3e-10
nd-139,9.9e-12
nd-139m,1.5e-10
nd-141,4e-12
nd-147,2.1e-09
nd-149,8.4e-11
nd-151,1.7e-11
ni-56,8.7e-10
ni-57,5e-10
ni-59,1.8e-10
ni-63,4.8e-10
ni-65,8.5e-11
ni-66,1.6e-09
np-232,1.2e-10
np-233,2.1e-12
np-234,5.3e-10
np-235,6.3e-10
np-236,8e-06
np-237,4.7e-05
np-240,8.5e-11
os-180,1.4e-11
os-181,6.2e-11
os-182,3e-09
os-189m,5e-12
os-191,7e-09
os-191m,1.4e-10
os-193,4.8e-10
os-194,2.1e-08
p-32,6.8e-09
pa-227,7.4e-08
pa-228,6.4e-08
pa-230,6.1e-07
pa-231,0.00015
pa-233,3.3e-09
pa-234,3.8e-10
pb-195m,2.5e-11
pb-198,6.6e-11
pb-199,3.6e-11
pb-200,3.3e-10
pb-201,1.4e-10
pb-202,1.1e-08
pb-202m,9.5e-11
pb-203,2e-10
pb-205,3.3e-10
pb-209,1.7e-11
pb-210,1.1e-06
pb-211,1.1e-08
pb-212,1.7e-07
pd-101,3.9e-11
pd-103,3.8e-10
pd-107,8.5e-11
pd-109,3.4e-10
pm-141,1.4e-11
pm-143,1.5e-09
pm-144,8.2e-09
pm-145,3.6e-09
pm-146,2.1e-08
pm-147,5e-09
pm-148,2e-09
pm-148m,5.1e-09
pm-149,6.7e-10
pm-150,1.2e-10
pm-152,4.3e-10
po-203,3.5e-11
po-205,6.5e-11
po-207,7.8e-11
po-210,3.3e-06
po-214,1.4e-08
pr-136,1.3e-11
pr-139,1.8e-11
pr-142,5.2e-10
pr-142m,6.6e-12
pr-143,2.2e-09
pr-144,1.8e-11
pr-145,1.6e-10
pr-147,1.8e-11
pt-168,4.2e-10
pt-169,4.7e-11
pt-186,330000000000.0
pt-191,1.1e-10
pt-193,2.5e-11
pt-193m,1.2e-10
pt-195m,1.8e-10
pt-197,9.85e-10
pt-197m,2.4e-11
pt-199,1.2e-11
pt-200,2.2e-10
pu-234,2.4e-08
pu-235,1.5e-12
pu-236,4e-05
pu-237,9e-10
pu-238,0.00011
pu-239,0.00012
pu-240,0.0002
pu-241,2.3e-06
pu-242,0.00011
pu-243,8.6e-11
pu-244,0.00011
pu-245,4.3e-10
pu-246,8e-09
ra-223,7.4e-06
ra-224,3e-06
ra-225,6.3e-06
ra-226,3.5e-06
ra-227,4.6e-10
ra-228,2.6e-06
rb-61,3.4e-11
rb-79,1.6e-11
rb-81m,7e-12
rb-82m,1.1e-10
rb-83,6.9e-10
rb-84,1e-09
rb-86,9.3e-10
rb-87,5e-10
rb-88,1.6e-11
rb-89,1.4e-11
re-164,1.9e-09
re-177,2.5e-11
re-178,1.4e-11
re-181,2.5e-10
re-182,1.2e-09
re-184m,6.5e-09
re-186,1.1e-09
re-186m,1.2e-08
re-187,6.3e-12
re-188,6.8e-10
re-189,4.3e-10
re-196m,1.3e-11
rh-100,3.4e-10
rh-101,2.3e-09
rh-101m,9e-10
rh-102,9e-09
rh-102m,4e-09
rh-103m,2.5e-12
rh-105,3.2e-10
rh-107,9000000000000.0
rh-99,7.7e-10
rh-99m,3.9e-11
ru-103,2.4e-09
ru-105,1.7e-10
ru-106,2.8e-08
ru-94,4.2e-11
ru-97,1.3e-10
sb-115,1.3e-11
sb-116,1.3e-11
sb-116m,4.7e-11
sb-117,1.6e-11
sb-118m,1.2e-10
sb-119,3.5e-11
sb-120,1e-09
sb-122,1e-09
sb-124,6.4e-09
sb-124m,5.4e-12
sb-125,4.8e-09
sb-126,2.8e-09
sb-126m,1.9e-11
sb-127,2.1e-09
sb-128,4e-10
sb-129,2.3e-10
sb-130,3.3e-11
sb-131,4.4e-11
sc-43,1.1e-10
sc-44m,1.7e-09
sc-46,6.8e-09
sc-48,1.4e-09
sc-49,4e-11
se-47,7.3e-10
se-70,7.3e-11
se-73,9e-10
se-73m,2e-11
se-75,1.3e-09
se-79,2.6e-09
se-81,1.4e-11
se-81m,4.7e-11
se-83,3.2e-11
sm-141,1.5e-11
sm-141m,3.2e-11
sm-142,7.1e-11
sm-145,1.6e-09
sm-146,1.1e-05
sm-147,9.6e-06
sm-153,6.3e-10
sm-155,1.7e-11
sm-156,2.2e-10
sn-111,1.3e-11
sn-113,2.7e-09
sn-117m,2.4e-09
sn-119m,2.2e-09
sn-121,2.3e-10
sn-121m,5.5e-09
sn-123,8.1e-09
sn-123m,2.8e-08
sn-128,9.2e-11
sr-80,1.3e-10
sr-81,3.5e-11
sr-82,8.9e-09
sr-83,3.1e-10
sr-85,6.4e-10
sr-85m,4.1e-12
sr-87m,2e-11
sr-89,6.1e-09
sr-90,6.8e-07
sr-91,4.4e-10
sr-92,2.1e-10
ta-172,3.5e-11
ta-173,1.4e-10
ta-174,4.1e-11
ta-175,1.2e-10
ta-176,1.9e-10
ta-177,9.6e-11
ta-178,6.5e-11
ta-179,2.2e-10
ta-180,6.4e-09
ta-180m,4.4e-11
ta-182,7.6e-09
ta-183,9e-09
ta-184,4.1e-10
ta-185,4.5e-11
ta-186,1.7e-11
tb-149,4.9e-09
tb-150,1.1e-10
tb-151,2.3e-10
tb-153,1.9e-10
tb-155,2.2e-10
tb-156m,9.6e-11
tb-157,1.2e-09
tb-158,4.6e-08
tb-160,7e-09
tb-161,1.3e-09
tc-94,1.2e-10
tc-95,1e-10
tc-95m,8.8e-10
tc-96,6.8e-10
tc-97,3.2e-09
tc-99,4e-09
tc-99m,1.9e-11
te-101,1.2e-11
te-116,1e-10
te-121,3.9e-10
te-121m,4.2e-09
te-123,9e-09
te-123m,4e-09
te-125m,3.4e-09
te-127,1.3e-10
te-127m,7.4e-09
te-129,3.7e-11
te-129m,6.6e-09
te-131,9.4e-10
te-132,2e-09
te-133,2e-11
te-133m,8.7e-11
te-134,6.6e-11
te-93,3.5e-11
te-98,1.2e-08
th-156m,2.1e-10
th-226,5.8e-08
th-227,8.5e-06
th-228,3.2e-05
th-229,0.00024
th-230,0.0001
th-231,3.1e-10
th-232,0.00011
th-234,6.6e-09
ti-44,6.1e-08
ti-45,8.8e-11
tm-162,1.6e-11
tm-166,1.7e-10
tm-167,1.1e-09
tm-171,1.4e-09
tm-172,1.1e-09
tm-173,1.6e-10
to-104,2.8e-11
to-94m,4.5e-11
u-230,1.3e-05
u-231,3.8e-10
u-232,8e-06
u-233,3.6e-06
u-234,3.5e-06
u-235,3.1e-06
u-236,3.2e-06
u-237,1.7e-09
u-238,2.9e-06
u-239,2.2e-11
u-240,5.3e-10
v-48,2.4e-09
v-49,2e-10
w-176,4.1e-11
w-177,2.4e-11
w-178,7.2e-11
w-179,9.2e-13
w-181,2.7e-11
w-185,1.2e-10
w-187,9e-10
y-87,3.7e-10
y-88,4.1e-09
y-90,1.4e-09
y-90m,9.5e-11
y-91,7.1e-09
y-91m,1e-11
y-92,1.7e-10
y-93,4e-10
y-94,2.7e+71
y-95,4.2e-10
yb-162,1.3e-11
yb-166,7.2e-10
yb-167,6.5e-12
yb-169,2.5e-09
yb-175,3e-11
yb-177,6.4e-11
yb-178,7e-11
zn-69,2.6e-11
zn-69m,1.2e-09
zr-68,1e-08
zr-95,4.8e-09
zr-97,9.2e-10
